{
  "mae_lr": 11.01771197302178,
  "mae_rf": 11.998455570586952,
  "importances": {
    "distance_km": 1.8333467286676608,
    "num_stops": 0.035198523543462736,
    "pickup_hour": -1.6638376517907895e-05,
    "is_rush": 0.005777596282118602,
    "rain": 0.0005337498811538999,
    "hub_dwell": 0.022702558523708283
  }
}